Cluster,NumDocs,Percent,DocIds,Topics
-1,231,0.8048780487804879,"[1, 2, 3, 4, 5, 6, 7, 8, 9, 10, 11, 12, 13, 16, 17, 19, 21, 23, 26, 27, 28, 29, 30, 31, 32, 33, 34, 35, 36, 37, 39, 40, 42, 44, 45, 46, 47, 49, 50, 51, 52, 53, 54, 55, 58, 60, 62, 63, 66, 67, 70, 71, 72, 73, 74, 76, 77, 80, 83, 84, 87, 89, 90, 93, 95, 101, 102, 104, 105, 107, 115, 117, 118, 119, 120, 122, 124, 125, 126, 127, 128, 130, 132, 134, 135, 136, 137, 138, 140, 141, 143, 144, 145, 146, 148, 150, 154, 155, 158, 159, 161, 162, 163, 164, 165, 167, 168, 169, 171, 174, 176, 180, 181, 182, 183, 185, 187, 188, 189, 192, 193, 194, 195, 196, 197, 198, 199, 202, 203, 204, 206, 207, 208, 209, 212, 216, 217, 219, 220, 221, 222, 224, 225, 227, 228, 229, 230, 232, 235, 236, 237, 239, 240, 243, 247, 248, 249, 250, 251, 252, 254, 255, 256, 257, 258, 260, 262, 263, 266, 271, 272, 273, 274, 275, 277, 279, 282, 283, 288, 289, 292, 293, 295, 304, 305, 306, 307, 308, 309, 310, 312, 316, 317, 318, 320, 322, 323, 324, 328, 329, 330, 331, 332, 333, 334, 335, 336, 338, 339, 341, 351, 352, 353, 354, 355, 356, 357, 358, 359, 367, 373, 376, 378, 381, 382, 383, 386, 387, 389, 390, 393]","public open space, urban green space, open space, green space, young people, urban space, smart city, perceived sensory dimension, cultural ecosystem service, natural property right"
0,17,0.059233449477351915,"[25, 38, 64, 78, 97, 114, 116, 152, 153, 173, 177, 265, 267, 285, 348, 379, 392]","urban regime theory, urban planning model, sustainable urban development, inclusive municipal governance, indigenous urban form, draws architectural comparison, regime theory, urban governance, slum, climate change"
1,20,0.06968641114982578,"[41, 82, 139, 147, 178, 179, 223, 233, 261, 270, 290, 299, 326, 340, 343, 346, 363, 370, 375, 388]","urban neighborhood design, neighborhood design concept, neighborhood design, sustainable food culture, changing public life, theoretical urban neighborhood, neighborhood urban design, bathroom, foster social capital, calculated electrical capacity"
2,19,0.06620209059233449,"[14, 15, 22, 24, 48, 56, 59, 61, 79, 81, 96, 109, 149, 184, 200, 211, 281, 342, 377]","urban economic development, new creative cluster, urban regeneration process, smart creative city, economic development, festival, tourism, regeneration, branding, cultural producer"
