Cluster,NumDocs,Percent,DocIds,Topics
-1,237,0.8713235294117647,"[1, 2, 3, 4, 5, 6, 7, 8, 9, 10, 11, 12, 13, 16, 17, 18, 19, 21, 23, 25, 26, 27, 28, 29, 30, 31, 32, 34, 35, 36, 37, 38, 39, 40, 41, 42, 44, 45, 46, 47, 49, 50, 51, 52, 53, 55, 56, 57, 58, 60, 61, 62, 63, 64, 65, 67, 69, 70, 72, 73, 74, 77, 78, 80, 83, 84, 85, 87, 88, 89, 92, 93, 95, 97, 99, 100, 101, 102, 104, 105, 107, 108, 110, 111, 114, 115, 116, 117, 119, 120, 125, 126, 127, 130, 132, 134, 135, 136, 137, 138, 139, 140, 143, 144, 145, 146, 147, 148, 150, 151, 152, 153, 156, 157, 158, 159, 161, 162, 163, 164, 168, 169, 170, 174, 177, 178, 180, 181, 182, 183, 186, 187, 188, 189, 194, 195, 196, 197, 198, 199, 202, 203, 204, 206, 207, 208, 209, 212, 216, 217, 219, 220, 221, 224, 225, 227, 228, 229, 230, 231, 233, 234, 235, 236, 237, 240, 241, 245, 247, 248, 249, 250, 251, 254, 255, 257, 258, 260, 262, 263, 265, 266, 267, 271, 274, 275, 277, 278, 282, 283, 287, 289, 290, 291, 293, 300, 304, 305, 306, 307, 308, 309, 310, 316, 317, 320, 322, 323, 325, 328, 331, 332, 333, 334, 335, 341, 351, 353, 356, 357, 363, 367, 369, 372, 373, 374, 379, 380, 381, 382, 383, 386, 387, 389, 390, 392, 393]","design, urban green space, environment, place, community, landscape, risk, urban neighborhood design, neighborhood design concept, urban design"
0,6,0.022058823529411766,"[173, 185, 232, 285, 329, 348]","urban planning model, present general outlook, among urban planner, good urban governance, fast wrenching control, facing several challenge, deep seated problem, poor management approach, investor whose creed, study big city"
1,29,0.10661764705882353,"[76, 82, 90, 122, 179, 222, 243, 246, 261, 270, 272, 279, 288, 295, 299, 312, 318, 326, 336, 338, 340, 343, 346, 352, 355, 358, 370, 375, 388]","design, public open space, public space, experimental study, control commercial signage, main design strategy, urban land use, old city center, designed space relies, designer personal perception"
