Cluster,NumDocs,Percent,DocIds,Topics
-1,143,0.48639455782312924,"[6, 21, 25, 35, 36, 43, 64, 66, 67, 85, 88, 100, 105, 106, 110, 117, 120, 121, 123, 127, 128, 130, 132, 146, 149, 150, 154, 167, 168, 174, 178, 184, 185, 195, 196, 197, 198, 200, 201, 203, 209, 217, 219, 221, 222, 226, 229, 243, 246, 247, 254, 258, 259, 263, 266, 269, 272, 273, 276, 281, 283, 284, 285, 287, 290, 296, 304, 307, 308, 309, 310, 312, 315, 320, 323, 325, 326, 338, 350, 355, 368, 380, 384, 386, 391, 394, 396, 399, 400, 403, 406, 408, 411, 412, 413, 418, 420, 425, 426, 434, 441, 443, 445, 447, 452, 457, 463, 466, 467, 473, 475, 476, 478, 480, 481, 484, 487, 496, 503, 507, 508, 512, 516, 524, 536, 541, 544, 546, 552, 553, 560, 562, 565, 569, 570, 571, 579, 583, 588, 592, 595, 598, 600]","landslide, susceptibility, traffic, SAR, performance, hyperspectral, carbon, landslide susceptibility, curve, convolutional"
0,24,0.08163265306122448,"[23, 34, 48, 173, 183, 216, 218, 235, 241, 244, 274, 293, 294, 306, 318, 322, 429, 502, 509, 558, 559, 590, 596, 599]","expert system, urban planning reform, urban land dynamic, UPM, programming, land dynamic, reform, mathematical programming, artificial intelligence technology, search asset allocation"
1,46,0.1564625850340136,"[5, 10, 12, 20, 26, 30, 31, 41, 42, 63, 70, 91, 112, 139, 145, 157, 165, 172, 177, 202, 223, 228, 234, 251, 271, 297, 324, 329, 330, 340, 342, 345, 347, 431, 432, 438, 462, 472, 474, 488, 497, 531, 537, 551, 564, 580]","settlement, land use category, aridity, landscape pattern, cover, geographically weighted regression, building block level, essential urban land, Wuhan, housing"
2,81,0.2755102040816326,"[13, 22, 32, 38, 44, 46, 47, 51, 52, 73, 78, 92, 97, 107, 108, 124, 134, 140, 142, 153, 159, 162, 164, 169, 170, 180, 181, 187, 188, 191, 208, 227, 232, 233, 248, 250, 252, 264, 277, 278, 289, 299, 328, 333, 336, 341, 344, 353, 369, 370, 372, 373, 374, 383, 387, 388, 393, 405, 409, 415, 416, 417, 442, 449, 453, 468, 482, 483, 491, 528, 533, 563, 566, 567, 573, 574, 577, 578, 585, 587, 591]","social media data, traffic, tweet, Twitter, personality, mobility, urban computing, crash, data mining technique, ownership"
