dimension,min_samples,min_cluster_size,epsilon,Silhouette_score,total_clusters,outliers,cluster_results
768,13,6,0,0.2039999687,3,518,
500,15,15,0,0.4898484448,5,190,
300,15,15,0,0.5103941764000001,5,182,
200,15,15,0,0.48150541750000003,5,173,
100,15,15,0,0.5133615309,5,186,
50,15,15,0,0.4901422325,5,215,
30,15,15,0,0.5225435865,5,217,
15,15,15,0,0.5293840041,5,184,
10,15,15,0,0.4891184616,5,154,
5,15,15,0,0.5797437453000001,5,168,
