n_neighbour,cluster,sse
15,1,1553.1907958984375
15,2,1047.7947998046875
20,1,1454.8564453125
20,2,978.1919555664062
50,1,1249.511474609375
50,2,820.9463500976562
100,1,1142.640625
100,2,755.191650390625
