cluster,doc_ids,count,score
1,"[62, 104, 127, 233, 249, 281, 296, 326, 337, 358, 373, 395, 410, 423, 459, 491, 516, 522, 536, 541, 542, 571, 574]",23,0.8501295192
2,"[30, 38, 63, 155, 209, 220, 240, 261, 300, 307, 334, 346, 356, 359, 370, 422, 435, 439, 450, 461, 499, 519, 526, 530, 597]",25,0.6726942751
3,"[110, 134, 138, 143, 273, 298, 304, 321, 355, 392, 407, 425, 433, 555]",14,-0.1425609762
