Cluster,NumDocs,Percent,DocIds,Topics
-1,198,0.9166666666666666,"[1, 2, 3, 4, 5, 7, 8, 9, 10, 12, 13, 16, 17, 19, 21, 26, 27, 28, 29, 30, 31, 32, 33, 34, 35, 36, 37, 39, 40, 42, 44, 45, 46, 47, 49, 51, 52, 53, 54, 55, 58, 60, 62, 63, 66, 70, 71, 72, 73, 74, 76, 77, 80, 83, 87, 89, 90, 93, 101, 102, 104, 105, 107, 115, 117, 119, 120, 122, 124, 125, 126, 127, 128, 130, 132, 134, 135, 136, 137, 138, 140, 141, 143, 144, 145, 148, 150, 154, 155, 158, 159, 161, 162, 163, 164, 167, 168, 169, 171, 174, 176, 180, 181, 182, 183, 185, 187, 188, 189, 192, 193, 194, 195, 197, 198, 199, 203, 204, 207, 208, 209, 212, 216, 217, 219, 220, 221, 222, 224, 225, 228, 229, 230, 232, 235, 236, 237, 239, 240, 247, 248, 249, 250, 251, 254, 255, 256, 257, 258, 260, 262, 274, 275, 277, 279, 282, 283, 288, 289, 292, 293, 304, 306, 309, 312, 316, 317, 320, 322, 323, 324, 328, 329, 330, 332, 333, 335, 336, 339, 341, 351, 352, 353, 354, 355, 356, 357, 358, 367, 373, 378, 381, 382, 383, 386, 387, 389, 390]","study, model, region, effect, urban area, knowledge, form, art, article, construction"
0,12,0.05555555555555555,"[23, 118, 196, 202, 227, 263, 266, 273, 295, 308, 359, 376]","urban blight, medium size city, urban environmental management, urban sustainability transition, fuzzy cognitive mapping, historic urban landscape, main urban design, sustainability transition, significant transition towards, transition towards urbanisation"
1,6,0.027777777777777776,"[11, 84, 165, 318, 331, 338]","public green space, foreign resident youth, investigated leisure activity, facilitate social interaction, immigrant young people, friend across culture, newly implanted suburbanite, reclaimed public space, neighbourhood main street, main street reveals"
