Cluster,NumDocs,Percent,DocIds,Topics
-1,168,0.8484848484848485,"[1, 4, 5, 6, 7, 10, 11, 13, 16, 17, 18, 19, 21, 23, 25, 26, 27, 28, 29, 30, 32, 34, 35, 36, 38, 39, 41, 44, 45, 46, 47, 49, 50, 51, 52, 60, 61, 62, 64, 65, 67, 69, 72, 73, 74, 77, 78, 80, 83, 84, 85, 89, 92, 93, 97, 99, 100, 101, 102, 104, 105, 107, 108, 110, 114, 115, 116, 117, 120, 125, 127, 132, 134, 135, 136, 137, 138, 140, 143, 144, 146, 147, 148, 150, 151, 152, 153, 156, 157, 159, 161, 162, 163, 164, 169, 174, 177, 181, 182, 183, 187, 188, 194, 195, 197, 198, 199, 204, 208, 209, 217, 219, 220, 221, 224, 225, 227, 229, 233, 234, 235, 236, 240, 245, 248, 249, 251, 254, 257, 258, 260, 262, 265, 267, 274, 275, 278, 282, 283, 287, 289, 291, 300, 304, 305, 307, 309, 316, 317, 332, 335, 341, 351, 353, 357, 363, 367, 369, 372, 373, 380, 381, 382, 383, 386, 387, 389, 392]","planning, urban planning, indicator, indigenous people, natural property right, property right value, festival, road traffic noise, urban regime theory, data"
0,22,0.1111111111111111,"[111, 130, 170, 202, 206, 212, 228, 231, 237, 263, 271, 290, 306, 308, 320, 325, 328, 333, 334, 374, 379, 393]","modern city planning, historical city center, speculative design fiction, urban good life, main urban design, sustainable urban environment, urban sprawl, urbanity, particularly difficult challenge, difficult challenge nowadays"
1,8,0.04040404040404041,"[31, 56, 57, 88, 126, 186, 216, 293]","given new life, analyses three form, include reclaiming functionality, commemorate local culture, various governmental body, examines two case, also considers opinion, local general public, among local government, urban regeneration project"
