Cluster,NumDocs,Percent,DocIds,Topics
-1,198,0.8354430379746836,"[1, 4, 5, 6, 7, 10, 11, 13, 16, 17, 18, 19, 21, 23, 25, 26, 27, 28, 29, 30, 31, 32, 34, 35, 36, 38, 39, 41, 44, 45, 46, 47, 49, 50, 51, 52, 56, 57, 60, 61, 62, 64, 65, 67, 69, 72, 73, 74, 77, 78, 80, 83, 84, 85, 88, 89, 92, 93, 97, 99, 100, 101, 102, 104, 105, 107, 108, 110, 111, 114, 115, 116, 117, 120, 125, 126, 127, 130, 132, 134, 135, 136, 137, 138, 140, 143, 144, 146, 147, 148, 150, 151, 152, 153, 156, 157, 159, 161, 162, 163, 164, 169, 170, 174, 177, 181, 182, 183, 186, 187, 188, 194, 195, 197, 198, 199, 202, 204, 206, 208, 209, 212, 216, 217, 219, 220, 221, 224, 225, 227, 228, 229, 231, 233, 234, 235, 236, 237, 240, 245, 248, 249, 251, 254, 257, 258, 260, 262, 263, 265, 267, 271, 274, 275, 278, 282, 283, 287, 289, 290, 291, 293, 300, 304, 305, 306, 307, 308, 309, 316, 317, 320, 325, 328, 332, 333, 334, 335, 341, 351, 353, 357, 363, 367, 369, 372, 373, 374, 379, 380, 381, 382, 383, 386, 387, 389, 392, 393]","urban planning, event, book, natural property right, property right value, indigenous people, water, festival, urban study, architecture"
0,24,0.10126582278481013,"[37, 42, 55, 70, 119, 139, 145, 158, 168, 178, 189, 196, 207, 230, 241, 247, 255, 266, 277, 322, 323, 331, 356, 390]","urban neighborhood design, neighborhood design concept, neighborhood design, modality environment, changing public life, theoretical urban neighborhood, neighborhood urban design, medium size city, transit, sustainable active mobility"
1,15,0.06329113924050633,"[2, 3, 8, 9, 12, 40, 53, 58, 63, 87, 95, 180, 203, 250, 310]","public open space, perceived sensory dimension, eight sensory dimension, urban green space, sensory dimension, people reporting stress, reporting stress prefer, urban park user, sustainability requires people, old masonry wall"
