Cluster,NumDocs,Percent,DocIds,Topics
-1,166,0.8736842105263158,"[4, 5, 6, 9, 10, 11, 12, 16, 17, 19, 21, 23, 25, 26, 27, 28, 29, 30, 31, 32, 35, 36, 37, 38, 39, 42, 44, 46, 47, 49, 50, 52, 55, 61, 62, 64, 65, 67, 70, 72, 73, 77, 78, 80, 83, 85, 88, 89, 92, 93, 97, 99, 100, 102, 104, 105, 107, 108, 114, 116, 117, 118, 119, 125, 126, 130, 132, 134, 135, 137, 138, 143, 144, 146, 150, 152, 153, 157, 158, 159, 161, 162, 163, 168, 173, 177, 179, 180, 181, 182, 183, 194, 198, 202, 204, 206, 207, 208, 209, 212, 216, 217, 219, 224, 225, 227, 228, 229, 230, 232, 233, 234, 235, 240, 241, 249, 251, 254, 255, 256, 258, 260, 262, 263, 265, 266, 267, 271, 275, 277, 278, 279, 282, 287, 289, 293, 295, 300, 304, 305, 307, 316, 322, 323, 329, 332, 333, 335, 341, 346, 348, 351, 352, 353, 354, 356, 357, 359, 375, 378, 380, 386, 387, 389, 390, 392]","design, practice, governance, water, mobility, environment, indicator, community, smart city, natural property right"
0,5,0.02631578947368421,"[18, 185, 231, 245, 285]","urban planning model, many different dimension, study big city, conceiving urban space, create urban study, emerging urban space, represented critical aspect, rather country people, paradigm shift towards, shift towards urbanity"
1,19,0.1,"[82, 90, 122, 148, 169, 174, 189, 222, 243, 246, 288, 308, 310, 312, 326, 336, 355, 388, 393]","public open space, small business, public space, control commercial signage, different social milieu, main design strategy, urban land use, old city center, designed space relies, designer personal perception"
