Cluster,NumDocs,Percent,DocIds,Topics
-1,216,0.935064935064935,"[1, 2, 3, 4, 5, 7, 8, 9, 10, 11, 12, 13, 16, 17, 19, 21, 23, 26, 27, 28, 29, 30, 31, 32, 33, 34, 35, 36, 37, 39, 40, 42, 44, 45, 46, 47, 49, 51, 52, 53, 54, 55, 58, 60, 62, 63, 66, 70, 71, 72, 73, 74, 76, 77, 80, 83, 84, 87, 89, 90, 93, 101, 102, 104, 105, 107, 115, 117, 118, 119, 120, 122, 124, 125, 126, 127, 128, 130, 132, 134, 135, 136, 137, 138, 140, 141, 143, 144, 145, 148, 150, 154, 155, 158, 159, 161, 162, 163, 164, 165, 167, 168, 169, 171, 174, 176, 180, 181, 182, 183, 185, 187, 188, 189, 192, 193, 194, 195, 196, 197, 198, 199, 202, 203, 204, 207, 208, 209, 212, 216, 217, 219, 220, 221, 222, 224, 225, 227, 228, 229, 230, 232, 235, 236, 237, 239, 240, 247, 248, 249, 250, 251, 254, 255, 256, 257, 258, 260, 262, 263, 266, 273, 274, 275, 277, 279, 282, 283, 288, 289, 292, 293, 295, 304, 306, 308, 309, 312, 316, 317, 318, 320, 322, 323, 324, 328, 329, 330, 331, 332, 333, 335, 336, 338, 339, 341, 351, 352, 353, 354, 355, 356, 357, 358, 359, 367, 373, 376, 378, 381, 382, 383, 386, 387, 389, 390]","policy, group, management, young people, research, community, mobility, region, effect, place"
0,7,0.030303030303030304,"[95, 243, 252, 272, 310, 334, 393]","public open space, eight sensory dimension, green space assessment, main design strategy, community social interaction, sustainable urban environment, perceived sensory dimension, urban green space, green space user, green space type"
1,8,0.03463203463203463,"[6, 50, 67, 146, 206, 271, 305, 307]","transnational capitalist class, modern city planning, historical city center, major transnational corporation, major global consumer, global consumer good, aspiring global city, deliberately iconic architecture, central urban manifestation, underlying recent debate"
