Cluster,NumDocs,Percent,DocIds,Topics
-1,137,0.7784090909090909,"[1, 2, 4, 5, 7, 8, 9, 10, 12, 13, 17, 19, 21, 26, 27, 28, 29, 31, 32, 33, 36, 39, 44, 45, 47, 49, 51, 52, 53, 58, 60, 62, 66, 71, 72, 73, 77, 80, 83, 89, 93, 102, 105, 107, 115, 117, 120, 122, 125, 126, 128, 130, 132, 134, 137, 138, 140, 144, 148, 150, 154, 158, 159, 161, 162, 163, 169, 176, 180, 182, 183, 185, 187, 188, 192, 194, 195, 197, 198, 204, 207, 208, 209, 212, 216, 219, 220, 221, 224, 225, 228, 229, 232, 235, 236, 237, 239, 248, 249, 250, 251, 254, 256, 257, 258, 260, 262, 274, 275, 279, 282, 283, 289, 293, 306, 316, 320, 322, 323, 324, 328, 329, 332, 335, 339, 351, 354, 357, 358, 373, 378, 381, 382, 383, 386, 387, 389]","indicator, smart city, natural property right, property right value, environment, landscape, risk, water, nature, road traffic noise"
0,21,0.11931818181818182,"[37, 42, 55, 70, 76, 90, 119, 145, 168, 189, 217, 222, 230, 247, 255, 277, 288, 312, 355, 356, 390]","modality environment, control commercial signage, sustainable active mobility, vehicle type choice, transit, transit village, environment, public transport, sustainable transportation, commercial signage"
1,18,0.10227272727272728,"[34, 35, 46, 54, 104, 124, 127, 135, 141, 143, 155, 167, 171, 181, 193, 292, 341, 353]","hip hop, everyday public space, hop, hip, intergenerational urban space, integrate young people, paper describes approach, effectively involve youth, embed diverse youth, diverse youth voice"
