Cluster,NumDocs,Percent,DocIds,Topics
-1,268,0.8220858895705522,"[1, 2, 3, 4, 5, 6, 7, 8, 9, 10, 11, 12, 15, 16, 17, 18, 19, 21, 22, 23, 24, 25, 26, 27, 28, 29, 30, 31, 32, 33, 34, 35, 36, 37, 38, 39, 40, 41, 42, 44, 46, 47, 48, 49, 50, 51, 52, 53, 55, 58, 59, 60, 61, 62, 63, 64, 65, 67, 70, 72, 73, 74, 76, 77, 78, 79, 80, 81, 82, 83, 84, 85, 87, 88, 89, 90, 92, 93, 95, 96, 97, 99, 100, 101, 102, 104, 105, 107, 108, 114, 115, 116, 117, 118, 119, 120, 122, 125, 126, 127, 130, 132, 134, 135, 136, 137, 138, 139, 140, 143, 144, 145, 146, 147, 148, 149, 150, 152, 153, 156, 157, 158, 159, 161, 162, 163, 164, 168, 169, 173, 174, 177, 178, 179, 180, 181, 182, 183, 184, 185, 188, 189, 194, 196, 197, 198, 199, 200, 202, 204, 206, 207, 208, 209, 211, 212, 216, 217, 219, 220, 221, 222, 223, 224, 225, 227, 228, 229, 230, 231, 232, 233, 234, 235, 240, 241, 243, 245, 246, 247, 248, 249, 250, 251, 254, 255, 256, 257, 258, 260, 261, 262, 263, 265, 266, 267, 270, 271, 274, 275, 277, 278, 279, 281, 282, 283, 285, 287, 288, 289, 290, 293, 295, 299, 300, 304, 305, 307, 308, 309, 310, 312, 316, 317, 318, 322, 323, 326, 329, 331, 332, 333, 334, 335, 336, 338, 339, 340, 341, 342, 346, 348, 351, 352, 353, 354, 355, 356, 357, 358, 359, 363, 367, 373, 375, 377, 378, 380, 381, 382, 383, 386, 387, 388, 389, 390, 392, 393]","urban green space, green space, mobility, neighborhood, health, housing, urban neighborhood design, neighborhood design concept, vision, planning process"
0,25,0.07668711656441718,"[13, 45, 56, 57, 69, 106, 186, 187, 195, 203, 210, 214, 252, 253, 259, 272, 273, 276, 360, 364, 366, 369, 372, 376, 391]","urban space axis, nationality characteristic dwelling, urban environmental management, natural scenery city, public open space, middle class, social impact assessment, new urban planning, green ecological planning, public space environment"
1,33,0.10122699386503067,"[71, 75, 110, 111, 151, 160, 170, 172, 215, 236, 237, 239, 242, 284, 291, 296, 297, 301, 303, 306, 311, 313, 314, 320, 325, 328, 343, 345, 370, 374, 379, 385, 394]","branch office building, small town, system take place, inter cultural dialogue, relevant regional culture, regional culture study, urban sprawl, large part today, many subject area, tolerated local religion"
