Cluster,NumDocs,Percent,DocIds,Topics
-1,287,0.8696969696969697,"[1, 2, 3, 4, 5, 6, 7, 8, 9, 10, 11, 12, 13, 14, 15, 16, 17, 19, 21, 22, 23, 24, 25, 26, 27, 28, 29, 30, 31, 32, 33, 34, 35, 36, 37, 38, 39, 40, 41, 42, 44, 45, 46, 47, 48, 49, 50, 51, 52, 53, 54, 55, 56, 58, 59, 60, 61, 62, 63, 64, 66, 67, 70, 71, 72, 73, 74, 76, 77, 78, 79, 80, 81, 82, 83, 84, 87, 89, 90, 93, 95, 96, 97, 101, 102, 104, 105, 107, 109, 114, 115, 116, 117, 118, 119, 120, 122, 124, 125, 126, 127, 128, 130, 132, 134, 135, 136, 137, 138, 139, 140, 141, 143, 144, 145, 146, 147, 148, 149, 150, 152, 153, 154, 155, 158, 159, 161, 162, 163, 164, 165, 167, 168, 169, 171, 173, 174, 176, 177, 178, 179, 180, 181, 182, 183, 184, 185, 187, 188, 189, 192, 193, 194, 195, 196, 197, 198, 199, 200, 202, 203, 204, 206, 207, 208, 209, 211, 212, 216, 217, 219, 220, 221, 222, 223, 224, 225, 227, 228, 229, 230, 232, 233, 235, 236, 237, 239, 240, 243, 247, 248, 249, 250, 251, 252, 254, 255, 256, 257, 258, 260, 261, 262, 263, 265, 266, 267, 270, 271, 272, 273, 274, 275, 277, 279, 281, 282, 283, 285, 288, 289, 290, 292, 293, 295, 299, 304, 305, 306, 307, 308, 309, 310, 312, 316, 317, 318, 320, 322, 323, 324, 326, 328, 329, 330, 331, 332, 333, 334, 335, 336, 338, 339, 340, 341, 342, 343, 346, 348, 351, 352, 353, 354, 355, 356, 357, 358, 359, 363, 367, 370, 373, 375, 376, 377, 378, 379, 381, 382, 383, 386, 387, 388, 389, 390, 392, 393]","public open space, urban green space, open space, green space, dimension, young people, neighborhood, mobility, social interaction, urban neighborhood design"
0,24,0.07272727272727272,"[75, 110, 111, 142, 151, 160, 172, 215, 242, 284, 291, 296, 297, 300, 301, 302, 303, 313, 314, 325, 347, 374, 385, 394]","branch office building, small town, labour market, spoken various language, professed different religion, particularly diverse city, one national narrative, several national group, single urban space, essential turning point"
1,19,0.05757575757575758,"[57, 69, 88, 106, 186, 210, 214, 226, 253, 259, 276, 360, 364, 365, 366, 369, 371, 372, 391]","urban space axis, healthy life expectancy, nationality characteristic dwelling, integrated community care, natural scenery city, life expectancy, new urban planning, green ecological planning, community care system, public space environment"
