Cluster,NumDocs,Percent,DocIds,Topics
-1,265,0.8862876254180602,"[1, 2, 3, 4, 5, 6, 7, 8, 9, 10, 11, 12, 13, 16, 18, 19, 21, 23, 25, 26, 27, 28, 29, 30, 31, 32, 33, 34, 35, 36, 37, 38, 39, 40, 41, 42, 44, 45, 47, 49, 50, 51, 52, 53, 55, 56, 57, 58, 60, 61, 62, 63, 65, 66, 68, 69, 70, 71, 72, 73, 74, 76, 77, 78, 80, 82, 83, 84, 85, 87, 88, 89, 90, 92, 93, 95, 97, 99, 100, 101, 102, 105, 114, 115, 116, 117, 119, 120, 125, 126, 129, 130, 132, 134, 135, 136, 137, 138, 139, 140, 141, 143, 144, 145, 146, 148, 150, 152, 153, 158, 159, 161, 163, 164, 168, 169, 170, 173, 174, 177, 178, 179, 180, 181, 182, 183, 185, 186, 187, 188, 189, 194, 195, 196, 197, 198, 201, 203, 204, 206, 207, 208, 209, 213, 217, 218, 219, 221, 222, 223, 224, 225, 226, 227, 228, 229, 232, 233, 234, 236, 237, 238, 239, 240, 241, 244, 245, 248, 252, 253, 254, 255, 257, 258, 260, 261, 262, 265, 266, 267, 268, 270, 272, 274, 275, 276, 277, 279, 280, 283, 284, 285, 286, 287, 288, 292, 293, 294, 295, 296, 299, 300, 301, 302, 303, 305, 306, 308, 309, 310, 315, 317, 319, 320, 321, 322, 323, 324, 325, 327, 331, 332, 333, 335, 337, 338, 339, 340, 341, 343, 346, 347, 348, 350, 351, 353, 356, 357, 359, 364, 368, 369, 370, 374, 380, 382, 384, 388, 392, 395, 396, 397, 404, 405, 406, 407, 408, 411, 413, 414, 415, 417, 418, 421, 422]","development, interaction, urban green space, green space, sustainability, community, public open space, open space, social interaction, urban neighborhood design"
0,8,0.026755852842809364,"[67, 122, 147, 269, 314, 355, 362, 376]","creating great place, bathroom, small bathroom, among affluent household, reflecting distinctive geography, key business service, believe good design, make positive contribution, shaping urban environment, linkage among designer"
1,26,0.08695652173913043,"[75, 111, 172, 200, 216, 242, 243, 247, 264, 304, 311, 312, 316, 318, 326, 328, 329, 361, 363, 373, 386, 399, 410, 416, 423, 424]","urban conservation area, cubic stone street, branch office building, small town, cubic stone, spoken various language, professed different religion, particularly diverse city, one national narrative, several national group"
